,mean,std,min,max,persistence_ar1
Level,0.042896319921568046,0.019016168361496992,0.003945852734259453,0.08190914499487832,0.9950063853682798
Slope,0.0041924095972863925,0.00427552670857296,-0.006743888790870514,0.013719541259797357,0.9780152265865864
Curvature,0.08169120880064006,0.04842082272962128,-0.005861596796915798,0.18270624023645085,0.992144122928867
