,mean,std,min,max,persistence_ar1
1.0,0.030084809758090685,0.02335216003342962,-0.0017199253309273278,0.08685479584018063,0.994042911339997
2.0,0.03170206428601437,0.022354002142953265,0.0005229201551161418,0.08719098195325155,0.9936050557715718
3.0,0.033410787081474755,0.02169955315599554,0.0003563603322057074,0.08750845641641469,0.9932340377705047
5.0,0.03669809717994063,0.020858753260422774,0.001305771972809018,0.08803778203131746,0.992866789137863
7.0,0.039527760342268146,0.0202936513517694,0.002978786585897137,0.08840420373368758,0.9928691399445162
10.0,0.042788799282051045,0.019690597441601364,0.0055336780401327584,0.08867800557981875,0.9931469678987368
20.0,0.04793604587933717,0.01862911603008334,0.010738283075176151,0.08890605963059753,0.994007748709221
30.0,0.049301192954694324,0.01805679026721764,0.012778914264266006,0.08837203248840704,0.9943724809429609
